{
  "ver": 1.0,
  "se": {
    "3": {
      "url": "https://raw.githubusercontent.com/Mahjong-Toki/tenHou_DIY_ACG/main/commonSe/3.mp3"
    },
    "6": {
      "url": "https://raw.githubusercontent.com/Mahjong-Toki/tenHou_DIY_ACG/main/commonSe/6.mp3"
    },
    "7": {
      "url": "https://raw.githubusercontent.com/Mahjong-Toki/tenHou_DIY_ACG/main/commonSe/7.mp3"
    },
    "8": {
      "url": "https://raw.githubusercontent.com/Mahjong-Toki/tenHou_DIY_ACG/main/commonSe/8.mp3"
    },
    "10": {
      "url": "https://raw.githubusercontent.com/Mahjong-Toki/tenHou_DIY_ACG/main/commonSe/10.mp3"
    },
    "11": {
      "url": "https://raw.githubusercontent.com/Mahjong-Toki/tenHou_DIY_ACG/main/commonSe/11.mp3"
    },
    "9": {
      "url": "https://raw.githubusercontent.com/Mahjong-Toki/tenHou_DIY_ACG/main/godDai/9.wav"
    },
    "25": {
      "url": "https://raw.githubusercontent.com/Mahjong-Toki/tenHou_DIY_ACG/main/godDai/25.wav"
    },
    "26": {
      "url": "https://raw.githubusercontent.com/Mahjong-Toki/tenHou_DIY_ACG/main/godDai/26.wav"
    },
    "27": {
      "url": "https://raw.githubusercontent.com/Mahjong-Toki/tenHou_DIY_ACG/main/godDai/27.wav"
    },
    "28": {
      "url": "https://raw.githubusercontent.com/Mahjong-Toki/tenHou_DIY_ACG/main/godDai/28.wav"
    },
    "29": {
      "url": "https://raw.githubusercontent.com/Mahjong-Toki/tenHou_DIY_ACG/main/godDai/29.wav"
    },
    "30": {
      "url": "https://raw.githubusercontent.com/Mahjong-Toki/tenHou_DIY_ACG/main/godDai/30.wav"
    },
    "31": {
      "url": "https://raw.githubusercontent.com/Mahjong-Toki/tenHou_DIY_ACG/main/godDai/31.mp3"
    },
    "32": {
      "url": "https://raw.githubusercontent.com/Mahjong-Toki/tenHou_DIY_ACG/main/godDai/32.mp3"
    },
    "33": {
      "url": "https://raw.githubusercontent.com/Mahjong-Toki/tenHou_DIY_ACG/main/godDai/33.mp3"
    },
    "34": {
      "url": "https://raw.githubusercontent.com/Mahjong-Toki/tenHou_DIY_ACG/main/godDai/34.mp3"
    },
    "35": {
      "url": "https://raw.githubusercontent.com/Mahjong-Toki/tenHou_DIY_ACG/main/godDai/35.mp3"
    },
    "36": {
      "url": "https://raw.githubusercontent.com/Mahjong-Toki/tenHou_DIY_ACG/main/godDai/36.mp3"
    }
  }
}