{
  "ver": 1.0,
  "se": {
    "3": {
      "url": "https://raw.githubusercontent.com/Mahjong-Toki/tenHou_DIY_ACG/main/commonSe/3.mp3"
    },
    "6": {
      "url": "https://raw.githubusercontent.com/Mahjong-Toki/tenHou_DIY_ACG/main/commonSe/6.mp3"
    },
    "7": {
      "url": "https://raw.githubusercontent.com/Mahjong-Toki/tenHou_DIY_ACG/main/commonSe/7.mp3"
    },
    "8": {
      "url": "https://raw.githubusercontent.com/Mahjong-Toki/tenHou_DIY_ACG/main/commonSe/8.mp3"
    },
    "10": {
      "url": "https://raw.githubusercontent.com/Mahjong-Toki/tenHou_DIY_ACG/main/commonSe/10.mp3"
    },
    "11": {
      "url": "https://raw.githubusercontent.com/Mahjong-Toki/tenHou_DIY_ACG/main/commonSe/11.mp3"
    }
  }
}