{
  "ver": 1.0,
  "se": {
    "9": {
      "url": "https://raw.githubusercontent.com/Mahjong-Toki/tenHou_DIY_ACG/main/roxy/9.wav"
    },
    "25": {
      "url": "https://raw.githubusercontent.com/Mahjong-Toki/tenHou_DIY_ACG/main/roxy/25.wav"
    },
    "26": {
      "url": "https://raw.githubusercontent.com/Mahjong-Toki/tenHou_DIY_ACG/main/roxy/26.wav"
    },
    "27": {
      "url": "https://raw.githubusercontent.com/Mahjong-Toki/tenHou_DIY_ACG/main/roxy/27.wav"
    },
    "28": {
      "url": "https://raw.githubusercontent.com/Mahjong-Toki/tenHou_DIY_ACG/main/roxy/28.wav"
    },
    "29": {
      "url": "https://raw.githubusercontent.com/Mahjong-Toki/tenHou_DIY_ACG/main/roxy/29.wav"
    },
    "30": {
      "url": "https://raw.githubusercontent.com/Mahjong-Toki/tenHou_DIY_ACG/main/roxy/30.wav"
    },
    "31": {
      "url": "https://raw.githubusercontent.com/Mahjong-Toki/tenHou_DIY_ACG/main/roxy/31.wav"
    },
    "32": {
      "url": "https://raw.githubusercontent.com/Mahjong-Toki/tenHou_DIY_ACG/main/roxy/32.wav"
    },
    "33": {
      "url": "https://raw.githubusercontent.com/Mahjong-Toki/tenHou_DIY_ACG/main/roxy/33.wav"
    },
    "34": {
      "url": "https://raw.githubusercontent.com/Mahjong-Toki/tenHou_DIY_ACG/main/roxy/34.wav"
    },
    "35": {
      "url": "https://raw.githubusercontent.com/Mahjong-Toki/tenHou_DIY_ACG/main/roxy/35.wav"
    },
    "36": {
      "url": "https://raw.githubusercontent.com/Mahjong-Toki/tenHou_DIY_ACG/main/roxy/36.wav"
    }
  }
}